﻿<?xml version="1.0" encoding="utf-8"?>
<helpItems schema="maml" xmlns="http://msh">
  <command:command xmlns:maml="http://schemas.microsoft.com/maml/2004/10" xmlns:command="http://schemas.microsoft.com/maml/dev/command/2004/10" xmlns:dev="http://schemas.microsoft.com/maml/dev/2004/10" xmlns:MSHelp="http://msdn.microsoft.com/mshelp">
    <command:details>
      <command:name>Edit-WingetSettings</command:name>
      <command:verb>Edit</command:verb>
      <command:noun>WingetSettings</command:noun>
      <maml:description>
        <maml:para>Edit the WinGet settings file.</maml:para>
      </maml:description>
    </command:details>
    <maml:description>
      <maml:para>A shortcut to edit the WinGet settings file. This will create one if it does not already exist.</maml:para>
    </maml:description>
    <command:syntax>
      <command:syntaxItem>
        <maml:name>Edit-WingetSettings</maml:name>
      </command:syntaxItem>
    </command:syntax>
    <command:parameters />
    <command:inputTypes />
    <command:returnValues />
    <maml:alertSet>
      <maml:alert>
        <maml:para>This is just an idea that may or may not prove to be useful.</maml:para>
      </maml:alert>
    </maml:alertSet>
    <command:examples>
      <command:example>
        <maml:title>-------------------------- EXAMPLE 1 --------------------------</maml:title>
        <dev:code>Edit-WinGetSettings</dev:code>
        <dev:remarks>
          <maml:para></maml:para>
        </dev:remarks>
      </command:example>
    </command:examples>
    <command:relatedLinks />
  </command:command>
  <command:command xmlns:maml="http://schemas.microsoft.com/maml/2004/10" xmlns:command="http://schemas.microsoft.com/maml/dev/command/2004/10" xmlns:dev="http://schemas.microsoft.com/maml/dev/2004/10" xmlns:MSHelp="http://msdn.microsoft.com/mshelp">
    <command:details>
      <command:name>Get-EnvironmentVariable</command:name>
      <command:verb>Get</command:verb>
      <command:noun>EnvironmentVariable</command:noun>
      <maml:description>
        <maml:para>Retrieves the value of an environment variable.</maml:para>
      </maml:description>
    </command:details>
    <maml:description>
      <maml:para>The Get-EnvironmentVariable function retrieves the value of the specified environment variable or displays all environment variables.</maml:para>
    </maml:description>
    <command:syntax>
      <command:syntaxItem>
        <maml:name>Get-EnvironmentVariable</maml:name>
        <command:parameter required="false" variableLength="true" globbing="false" pipelineInput="False" position="1" aliases="none">
          <maml:name>Name</maml:name>
          <maml:Description>
            <maml:para>The name of the environment variable to retrieve.</maml:para>
          </maml:Description>
          <command:parameterValue required="true" variableLength="false">String</command:parameterValue>
          <dev:type>
            <maml:name>String</maml:name>
            <maml:uri />
          </dev:type>
          <dev:defaultValue>None</dev:defaultValue>
        </command:parameter>
        <command:parameter required="false" variableLength="true" globbing="false" pipelineInput="False" position="2" aliases="none">
          <maml:name>Target</maml:name>
          <maml:Description>
            <maml:para>The target of the environment variable to retrieve. Defaults to Machine. (Process, User, or Machine)</maml:para>
          </maml:Description>
          <command:parameterValueGroup>
            <command:parameterValue required="false" command:variableLength="false">Process</command:parameterValue>
            <command:parameterValue required="false" command:variableLength="false">User</command:parameterValue>
            <command:parameterValue required="false" command:variableLength="false">Machine</command:parameterValue>
          </command:parameterValueGroup>
          <command:parameterValue required="true" variableLength="false">EnvironmentVariableTarget</command:parameterValue>
          <dev:type>
            <maml:name>EnvironmentVariableTarget</maml:name>
            <maml:uri />
          </dev:type>
          <dev:defaultValue>Machine</dev:defaultValue>
        </command:parameter>
        <command:parameter required="false" variableLength="true" globbing="false" pipelineInput="False" position="named" aliases="none">
          <maml:name>All</maml:name>
          <maml:Description>
            <maml:para>Switch to show environment variables in all target scopes.</maml:para>
          </maml:Description>
          <dev:type>
            <maml:name>SwitchParameter</maml:name>
            <maml:uri />
          </dev:type>
          <dev:defaultValue>False</dev:defaultValue>
        </command:parameter>
      </command:syntaxItem>
    </command:syntax>
    <command:parameters>
      <command:parameter required="false" variableLength="true" globbing="false" pipelineInput="False" position="1" aliases="none">
        <maml:name>Name</maml:name>
        <maml:Description>
          <maml:para>The name of the environment variable to retrieve.</maml:para>
        </maml:Description>
        <command:parameterValue required="true" variableLength="false">String</command:parameterValue>
        <dev:type>
          <maml:name>String</maml:name>
          <maml:uri />
        </dev:type>
        <dev:defaultValue>None</dev:defaultValue>
      </command:parameter>
      <command:parameter required="false" variableLength="true" globbing="false" pipelineInput="False" position="2" aliases="none">
        <maml:name>Target</maml:name>
        <maml:Description>
          <maml:para>The target of the environment variable to retrieve. Defaults to Machine. (Process, User, or Machine)</maml:para>
        </maml:Description>
        <command:parameterValue required="true" variableLength="false">EnvironmentVariableTarget</command:parameterValue>
        <dev:type>
          <maml:name>EnvironmentVariableTarget</maml:name>
          <maml:uri />
        </dev:type>
        <dev:defaultValue>Machine</dev:defaultValue>
      </command:parameter>
      <command:parameter required="false" variableLength="true" globbing="false" pipelineInput="False" position="named" aliases="none">
        <maml:name>All</maml:name>
        <maml:Description>
          <maml:para>Switch to show environment variables in all target scopes.</maml:para>
        </maml:Description>
        <command:parameterValue required="false" variableLength="false">SwitchParameter</command:parameterValue>
        <dev:type>
          <maml:name>SwitchParameter</maml:name>
          <maml:uri />
        </dev:type>
        <dev:defaultValue>False</dev:defaultValue>
      </command:parameter>
    </command:parameters>
    <command:inputTypes />
    <command:returnValues>
      <command:returnValue>
        <dev:type>
          <maml:name>System.String</maml:name>
        </dev:type>
        <maml:description>
          <maml:para></maml:para>
        </maml:description>
      </command:returnValue>
    </command:returnValues>
    <maml:alertSet>
      <maml:alert>
        <maml:para>Variable names are case-sensitive on Linux and macOS, but not on Windows.</maml:para>
        <maml:para>Why is 'Target' used by .NET instead of the familiar 'Scope' parameter name? @IISResetMe (Mathias R. Jessen) explains: "Scope" would imply some sort of integrated hierarchy of env variables - that's not really the case. Target=Process translates to kernel32!GetEnvironmentVariable (which then in turn reads the PEB from the calling process), whereas Target={User,Machine} causes a registry lookup against environment data in either HKCU or HKLM.</maml:para>
        <maml:para>The relevant sources for the User and Machine targets are in the registry at: - HKEY_CURRENT_USER\Environment</maml:para>
        <maml:para>- HKEY_LOCAL_MACHINE\SYSTEM\CurrentControlSet\Control\Session Manager\Environment</maml:para>
        <maml:para></maml:para>
        <maml:para>See more at &lt;https://learn.microsoft.com/en-us/powershell/module/microsoft.powershell.core/about/about_environment_variables&gt;.</maml:para>
      </maml:alert>
    </maml:alertSet>
    <command:examples>
      <command:example>
        <maml:title>-------------------------- EXAMPLE 1 --------------------------</maml:title>
        <dev:code>Get-EnvironmentVariable -Name "PATH"
Retrieves the value of the "PATH" environment variable.</dev:code>
        <dev:remarks>
          <maml:para></maml:para>
        </dev:remarks>
      </command:example>
    </command:examples>
    <command:relatedLinks />
  </command:command>
  <command:command xmlns:maml="http://schemas.microsoft.com/maml/2004/10" xmlns:command="http://schemas.microsoft.com/maml/dev/command/2004/10" xmlns:dev="http://schemas.microsoft.com/maml/dev/2004/10" xmlns:MSHelp="http://msdn.microsoft.com/mshelp">
    <command:details>
      <command:name>Initialize-Configuration</command:name>
      <command:verb>Initialize</command:verb>
      <command:noun>Configuration</command:noun>
      <maml:description>
        <maml:para>Initialize configuration your PowerShell environment and git.</maml:para>
      </maml:description>
    </command:details>
    <maml:description>
      <maml:para>Install supporting packages, configure git, and set your console font with this function.</maml:para>
    </maml:description>
    <command:syntax>
      <command:syntaxItem>
        <maml:name>Initialize-Configuration</maml:name>
        <command:parameter required="false" variableLength="true" globbing="false" pipelineInput="False" position="1" aliases="none">
          <maml:name>Name</maml:name>
          <maml:Description>
            <maml:para>Your name to be used for git commits.</maml:para>
          </maml:Description>
          <command:parameterValue required="true" variableLength="false">String</command:parameterValue>
          <dev:type>
            <maml:name>String</maml:name>
            <maml:uri />
          </dev:type>
          <dev:defaultValue>None</dev:defaultValue>
        </command:parameter>
        <command:parameter required="false" variableLength="true" globbing="false" pipelineInput="False" position="2" aliases="none">
          <maml:name>Email</maml:name>
          <maml:Description>
            <maml:para>Your email to be used for git commits.</maml:para>
          </maml:Description>
          <command:parameterValue required="true" variableLength="false">String</command:parameterValue>
          <dev:type>
            <maml:name>String</maml:name>
            <maml:uri />
          </dev:type>
          <dev:defaultValue>None</dev:defaultValue>
        </command:parameter>
        <command:parameter required="false" variableLength="true" globbing="false" pipelineInput="False" position="3" aliases="none">
          <maml:name>CentralProfile</maml:name>
          <maml:Description>
            <maml:para>The file path to your central PowerShell profile.</maml:para>
          </maml:Description>
          <command:parameterValue required="true" variableLength="false">String</command:parameterValue>
          <dev:type>
            <maml:name>String</maml:name>
            <maml:uri />
          </dev:type>
          <dev:defaultValue>None</dev:defaultValue>
        </command:parameter>
        <command:parameter required="false" variableLength="true" globbing="false" pipelineInput="False" position="4" aliases="Font">
          <maml:name>ConsoleFont</maml:name>
          <maml:Description>
            <maml:para>The font to use for your consoles (PowerShell, Windows PowerShell, git bash, etc.)</maml:para>
          </maml:Description>
          <command:parameterValue required="true" variableLength="false">String</command:parameterValue>
          <dev:type>
            <maml:name>String</maml:name>
            <maml:uri />
          </dev:type>
          <dev:defaultValue>None</dev:defaultValue>
        </command:parameter>
        <command:parameter required="false" variableLength="true" globbing="false" pipelineInput="False" position="5" aliases="none">
          <maml:name>Packages</maml:name>
          <maml:Description>
            <maml:para>Packages to install with winget.</maml:para>
          </maml:Description>
          <command:parameterValue required="true" variableLength="false">String[]</command:parameterValue>
          <dev:type>
            <maml:name>String[]</maml:name>
            <maml:uri />
          </dev:type>
          <dev:defaultValue>@('Microsoft.PowerShell', 'Microsoft.WindowsTerminal', 'git.git', 'JanDeDobbeleer.OhMyPosh')</dev:defaultValue>
        </command:parameter>
        <command:parameter required="false" variableLength="true" globbing="false" pipelineInput="False" position="6" aliases="none">
          <maml:name>Modules</maml:name>
          <maml:Description>
            <maml:para>PowerShell modules to install.</maml:para>
          </maml:Description>
          <command:parameterValue required="true" variableLength="false">String[]</command:parameterValue>
          <dev:type>
            <maml:name>String[]</maml:name>
            <maml:uri />
          </dev:type>
          <dev:defaultValue>@('CompletionPredictor', 'Microsoft.PowerShell.ConsoleGuiTools', 'Microsoft.PowerShell.PSResourceGet', 'posh-git', 'PowerShellForGitHub', 'Terminal-Icons')</dev:defaultValue>
        </command:parameter>
        <command:parameter required="false" variableLength="true" globbing="false" pipelineInput="False" position="named" aliases="none">
          <maml:name>SkipPackages</maml:name>
          <maml:Description>
            <maml:para>Option to skip installation of default packages.</maml:para>
          </maml:Description>
          <dev:type>
            <maml:name>SwitchParameter</maml:name>
            <maml:uri />
          </dev:type>
          <dev:defaultValue>False</dev:defaultValue>
        </command:parameter>
        <command:parameter required="false" variableLength="true" globbing="false" pipelineInput="False" position="named" aliases="none">
          <maml:name>PickPackages</maml:name>
          <maml:Description>
            <maml:para>Choose which packages you want to install.</maml:para>
          </maml:Description>
          <dev:type>
            <maml:name>SwitchParameter</maml:name>
            <maml:uri />
          </dev:type>
          <dev:defaultValue>False</dev:defaultValue>
        </command:parameter>
        <command:parameter required="false" variableLength="true" globbing="false" pipelineInput="False" position="named" aliases="none">
          <maml:name>SkipModules</maml:name>
          <maml:Description>
            <maml:para>Option to skip installation of default modules.</maml:para>
          </maml:Description>
          <dev:type>
            <maml:name>SwitchParameter</maml:name>
            <maml:uri />
          </dev:type>
          <dev:defaultValue>False</dev:defaultValue>
        </command:parameter>
        <command:parameter required="false" variableLength="true" globbing="false" pipelineInput="False" position="named" aliases="none">
          <maml:name>PickModules</maml:name>
          <maml:Description>
            <maml:para>Choose which modules you want to install.</maml:para>
          </maml:Description>
          <dev:type>
            <maml:name>SwitchParameter</maml:name>
            <maml:uri />
          </dev:type>
          <dev:defaultValue>False</dev:defaultValue>
        </command:parameter>
      </command:syntaxItem>
    </command:syntax>
    <command:parameters>
      <command:parameter required="false" variableLength="true" globbing="false" pipelineInput="False" position="1" aliases="none">
        <maml:name>Name</maml:name>
        <maml:Description>
          <maml:para>Your name to be used for git commits.</maml:para>
        </maml:Description>
        <command:parameterValue required="true" variableLength="false">String</command:parameterValue>
        <dev:type>
          <maml:name>String</maml:name>
          <maml:uri />
        </dev:type>
        <dev:defaultValue>None</dev:defaultValue>
      </command:parameter>
      <command:parameter required="false" variableLength="true" globbing="false" pipelineInput="False" position="2" aliases="none">
        <maml:name>Email</maml:name>
        <maml:Description>
          <maml:para>Your email to be used for git commits.</maml:para>
        </maml:Description>
        <command:parameterValue required="true" variableLength="false">String</command:parameterValue>
        <dev:type>
          <maml:name>String</maml:name>
          <maml:uri />
        </dev:type>
        <dev:defaultValue>None</dev:defaultValue>
      </command:parameter>
      <command:parameter required="false" variableLength="true" globbing="false" pipelineInput="False" position="3" aliases="none">
        <maml:name>CentralProfile</maml:name>
        <maml:Description>
          <maml:para>The file path to your central PowerShell profile.</maml:para>
        </maml:Description>
        <command:parameterValue required="true" variableLength="false">String</command:parameterValue>
        <dev:type>
          <maml:name>String</maml:name>
          <maml:uri />
        </dev:type>
        <dev:defaultValue>None</dev:defaultValue>
      </command:parameter>
      <command:parameter required="false" variableLength="true" globbing="false" pipelineInput="False" position="4" aliases="Font">
        <maml:name>ConsoleFont</maml:name>
        <maml:Description>
          <maml:para>The font to use for your consoles (PowerShell, Windows PowerShell, git bash, etc.)</maml:para>
        </maml:Description>
        <command:parameterValue required="true" variableLength="false">String</command:parameterValue>
        <dev:type>
          <maml:name>String</maml:name>
          <maml:uri />
        </dev:type>
        <dev:defaultValue>None</dev:defaultValue>
      </command:parameter>
      <command:parameter required="false" variableLength="true" globbing="false" pipelineInput="False" position="5" aliases="none">
        <maml:name>Packages</maml:name>
        <maml:Description>
          <maml:para>Packages to install with winget.</maml:para>
        </maml:Description>
        <command:parameterValue required="true" variableLength="false">String[]</command:parameterValue>
        <dev:type>
          <maml:name>String[]</maml:name>
          <maml:uri />
        </dev:type>
        <dev:defaultValue>@('Microsoft.PowerShell', 'Microsoft.WindowsTerminal', 'git.git', 'JanDeDobbeleer.OhMyPosh')</dev:defaultValue>
      </command:parameter>
      <command:parameter required="false" variableLength="true" globbing="false" pipelineInput="False" position="named" aliases="none">
        <maml:name>SkipPackages</maml:name>
        <maml:Description>
          <maml:para>Option to skip installation of default packages.</maml:para>
        </maml:Description>
        <command:parameterValue required="false" variableLength="false">SwitchParameter</command:parameterValue>
        <dev:type>
          <maml:name>SwitchParameter</maml:name>
          <maml:uri />
        </dev:type>
        <dev:defaultValue>False</dev:defaultValue>
      </command:parameter>
      <command:parameter required="false" variableLength="true" globbing="false" pipelineInput="False" position="named" aliases="none">
        <maml:name>PickPackages</maml:name>
        <maml:Description>
          <maml:para>Choose which packages you want to install.</maml:para>
        </maml:Description>
        <command:parameterValue required="false" variableLength="false">SwitchParameter</command:parameterValue>
        <dev:type>
          <maml:name>SwitchParameter</maml:name>
          <maml:uri />
        </dev:type>
        <dev:defaultValue>False</dev:defaultValue>
      </command:parameter>
      <command:parameter required="false" variableLength="true" globbing="false" pipelineInput="False" position="6" aliases="none">
        <maml:name>Modules</maml:name>
        <maml:Description>
          <maml:para>PowerShell modules to install.</maml:para>
        </maml:Description>
        <command:parameterValue required="true" variableLength="false">String[]</command:parameterValue>
        <dev:type>
          <maml:name>String[]</maml:name>
          <maml:uri />
        </dev:type>
        <dev:defaultValue>@('CompletionPredictor', 'Microsoft.PowerShell.ConsoleGuiTools', 'Microsoft.PowerShell.PSResourceGet', 'posh-git', 'PowerShellForGitHub', 'Terminal-Icons')</dev:defaultValue>
      </command:parameter>
      <command:parameter required="false" variableLength="true" globbing="false" pipelineInput="False" position="named" aliases="none">
        <maml:name>SkipModules</maml:name>
        <maml:Description>
          <maml:para>Option to skip installation of default modules.</maml:para>
        </maml:Description>
        <command:parameterValue required="false" variableLength="false">SwitchParameter</command:parameterValue>
        <dev:type>
          <maml:name>SwitchParameter</maml:name>
          <maml:uri />
        </dev:type>
        <dev:defaultValue>False</dev:defaultValue>
      </command:parameter>
      <command:parameter required="false" variableLength="true" globbing="false" pipelineInput="False" position="named" aliases="none">
        <maml:name>PickModules</maml:name>
        <maml:Description>
          <maml:para>Choose which modules you want to install.</maml:para>
        </maml:Description>
        <command:parameterValue required="false" variableLength="false">SwitchParameter</command:parameterValue>
        <dev:type>
          <maml:name>SwitchParameter</maml:name>
          <maml:uri />
        </dev:type>
        <dev:defaultValue>False</dev:defaultValue>
      </command:parameter>
    </command:parameters>
    <command:inputTypes />
    <command:returnValues />
    <maml:alertSet>
      <maml:alert>
        <maml:para>To Do   Create basic starter profile if none exist   Create dot-sourced profile   Create interactive picker for packages and modules (separate functions)   Bootstrap Out-GridView or Out-ConsoleGridView</maml:para>
      </maml:alert>
    </maml:alertSet>
    <command:examples>
      <command:example>
        <maml:title>-------------------------- EXAMPLE 1 --------------------------</maml:title>
        <dev:code>Initialize-Configuration</dev:code>
        <dev:remarks>
          <maml:para>Init-Configuration -Name 'Sam Erde' -Email 'sam@example.local' -ConsoleFont 'FiraCode Nerd Font'</maml:para>
        </dev:remarks>
      </command:example>
    </command:examples>
    <command:relatedLinks />
  </command:command>
  <command:command xmlns:maml="http://schemas.microsoft.com/maml/2004/10" xmlns:command="http://schemas.microsoft.com/maml/dev/command/2004/10" xmlns:dev="http://schemas.microsoft.com/maml/dev/2004/10" xmlns:MSHelp="http://msdn.microsoft.com/mshelp">
    <command:details>
      <command:name>Install-OhMyPosh</command:name>
      <command:verb>Install</command:verb>
      <command:noun>OhMyPosh</command:noun>
      <maml:description>
        <maml:para>Install Oh My Posh and add it to your profile.</maml:para>
      </maml:description>
    </command:details>
    <maml:description>
      <maml:para>An over-engineered script to install Oh My Posh.</maml:para>
    </maml:description>
    <command:syntax>
      <command:syntaxItem>
        <maml:name>Install-OhMyPosh</maml:name>
        <command:parameter required="false" variableLength="true" globbing="false" pipelineInput="False" position="named" aliases="none">
          <maml:name>WingetSource</maml:name>
          <maml:Description>
            <maml:para>Specify which source to install from.</maml:para>
            <maml:para> - winget  - Install from winget (default).  - msstore - Install from the Microsoft Store.</maml:para>
          </maml:Description>
          <command:parameterValue required="true" variableLength="false">String</command:parameterValue>
          <dev:type>
            <maml:name>String</maml:name>
            <maml:uri />
          </dev:type>
          <dev:defaultValue>Winget</dev:defaultValue>
        </command:parameter>
        <command:parameter required="false" variableLength="true" globbing="false" pipelineInput="False" position="named" aliases="none">
          <maml:name>Method</maml:name>
          <maml:Description>
            <maml:para>Specify which tool to install Oh My Posh with.</maml:para>
            <maml:para>- chocolatey</maml:para>
            <maml:para>- direct (default)</maml:para>
            <maml:para>- scoop</maml:para>
            <maml:para>- winget</maml:para>
          </maml:Description>
          <command:parameterValue required="true" variableLength="false">String</command:parameterValue>
          <dev:type>
            <maml:name>String</maml:name>
            <maml:uri />
          </dev:type>
          <dev:defaultValue>Direct</dev:defaultValue>
        </command:parameter>
        <command:parameter required="false" variableLength="true" globbing="false" pipelineInput="False" position="named" aliases="none">
          <maml:name>InstallNerdFont</maml:name>
          <maml:Description>
            <maml:para>Use this switch if you want to install a nerd font for full glyph capabilities in your prompt.</maml:para>
          </maml:Description>
          <dev:type>
            <maml:name>SwitchParameter</maml:name>
            <maml:uri />
          </dev:type>
          <dev:defaultValue>False</dev:defaultValue>
        </command:parameter>
        <command:parameter required="false" variableLength="true" globbing="false" pipelineInput="False" position="named" aliases="none">
          <maml:name>Font</maml:name>
          <maml:Description>
            <maml:para>Choose a nerd font to install.</maml:para>
            <maml:para>- Default - Installs "Meslo" as the default nerd font.</maml:para>
            <maml:para>- Select  - Lets you choose a nerd font from the list.</maml:para>
          </maml:Description>
          <command:parameterValue required="true" variableLength="false">String</command:parameterValue>
          <dev:type>
            <maml:name>String</maml:name>
            <maml:uri />
          </dev:type>
          <dev:defaultValue>Default</dev:defaultValue>
        </command:parameter>
      </command:syntaxItem>
    </command:syntax>
    <command:parameters>
      <command:parameter required="false" variableLength="true" globbing="false" pipelineInput="False" position="named" aliases="none">
        <maml:name>WingetSource</maml:name>
        <maml:Description>
          <maml:para>Specify which source to install from.</maml:para>
          <maml:para> - winget  - Install from winget (default).  - msstore - Install from the Microsoft Store.</maml:para>
        </maml:Description>
        <command:parameterValue required="true" variableLength="false">String</command:parameterValue>
        <dev:type>
          <maml:name>String</maml:name>
          <maml:uri />
        </dev:type>
        <dev:defaultValue>Winget</dev:defaultValue>
      </command:parameter>
      <command:parameter required="false" variableLength="true" globbing="false" pipelineInput="False" position="named" aliases="none">
        <maml:name>Method</maml:name>
        <maml:Description>
          <maml:para>Specify which tool to install Oh My Posh with.</maml:para>
          <maml:para>- chocolatey</maml:para>
          <maml:para>- direct (default)</maml:para>
          <maml:para>- scoop</maml:para>
          <maml:para>- winget</maml:para>
        </maml:Description>
        <command:parameterValue required="true" variableLength="false">String</command:parameterValue>
        <dev:type>
          <maml:name>String</maml:name>
          <maml:uri />
        </dev:type>
        <dev:defaultValue>Direct</dev:defaultValue>
      </command:parameter>
      <command:parameter required="false" variableLength="true" globbing="false" pipelineInput="False" position="named" aliases="none">
        <maml:name>InstallNerdFont</maml:name>
        <maml:Description>
          <maml:para>Use this switch if you want to install a nerd font for full glyph capabilities in your prompt.</maml:para>
        </maml:Description>
        <command:parameterValue required="false" variableLength="false">SwitchParameter</command:parameterValue>
        <dev:type>
          <maml:name>SwitchParameter</maml:name>
          <maml:uri />
        </dev:type>
        <dev:defaultValue>False</dev:defaultValue>
      </command:parameter>
      <command:parameter required="false" variableLength="true" globbing="false" pipelineInput="False" position="named" aliases="none">
        <maml:name>Font</maml:name>
        <maml:Description>
          <maml:para>Choose a nerd font to install.</maml:para>
          <maml:para>- Default - Installs "Meslo" as the default nerd font.</maml:para>
          <maml:para>- Select  - Lets you choose a nerd font from the list.</maml:para>
        </maml:Description>
        <command:parameterValue required="true" variableLength="false">String</command:parameterValue>
        <dev:type>
          <maml:name>String</maml:name>
          <maml:uri />
        </dev:type>
        <dev:defaultValue>Default</dev:defaultValue>
      </command:parameter>
    </command:parameters>
    <command:inputTypes />
    <command:returnValues />
    <maml:alertSet>
      <maml:alert>
        <maml:para></maml:para>
      </maml:alert>
    </maml:alertSet>
    <command:examples>
      <command:example>
        <maml:title>-------------------------- EXAMPLE 1 --------------------------</maml:title>
        <dev:code>Install-OhMyPosh</dev:code>
        <dev:remarks>
          <maml:para></maml:para>
        </dev:remarks>
      </command:example>
    </command:examples>
    <command:relatedLinks />
  </command:command>
  <command:command xmlns:maml="http://schemas.microsoft.com/maml/2004/10" xmlns:command="http://schemas.microsoft.com/maml/dev/command/2004/10" xmlns:dev="http://schemas.microsoft.com/maml/dev/2004/10" xmlns:MSHelp="http://msdn.microsoft.com/mshelp">
    <command:details>
      <command:name>Install-PowerShellISE</command:name>
      <command:verb>Install</command:verb>
      <command:noun>PowerShellISE</command:noun>
      <maml:description>
        <maml:para>Install the Windows PowerShell ISE if you removed it after installing VS Code.</maml:para>
      </maml:description>
    </command:details>
    <maml:description>
      <maml:para>This script installs the Windows PowerShell ISE if it is not already. It includes a step that resets the Windows Automatic Update server source in the registry temporary, which may resolve errors that some people experience while trying to add Windows Capabilities. This was created because Out-GridView in Windows PowerShell 5.1 does not work without the ISE installed. However, Out-GridView was rewritten and included in PowerShell 7 for Windows.</maml:para>
    </maml:description>
    <command:syntax>
      <command:syntaxItem>
        <maml:name>Install-PowerShellISE</maml:name>
      </command:syntaxItem>
    </command:syntax>
    <command:parameters />
    <command:inputTypes />
    <command:returnValues />
    <maml:alertSet>
      <maml:alert>
        <maml:para>To Do:     - Check for Windows client vs Windows Server OS     - Add parameter to make the Windows Update registry change optional     - Requires admin but adding that breaks the build</maml:para>
      </maml:alert>
    </maml:alertSet>
    <command:examples>
      <command:example>
        <maml:title>-------------------------- EXAMPLE 1 --------------------------</maml:title>
        <dev:code>Install-PowerShellISE</dev:code>
        <dev:remarks>
          <maml:para></maml:para>
        </dev:remarks>
      </command:example>
    </command:examples>
    <command:relatedLinks />
  </command:command>
  <command:command xmlns:maml="http://schemas.microsoft.com/maml/2004/10" xmlns:command="http://schemas.microsoft.com/maml/dev/command/2004/10" xmlns:dev="http://schemas.microsoft.com/maml/dev/2004/10" xmlns:MSHelp="http://msdn.microsoft.com/mshelp">
    <command:details>
      <command:name>Install-WinGet</command:name>
      <command:verb>Install</command:verb>
      <command:noun>WinGet</command:noun>
      <maml:description>
        <maml:para>Install Winget</maml:para>
      </maml:description>
    </command:details>
    <maml:description>
      <maml:para>Install WinGet on Windows Sandbox (or on builds of Windows 10 prior to build 1709 that did not ship with it preinstalled).</maml:para>
    </maml:description>
    <command:syntax>
      <command:syntaxItem>
        <maml:name>Install-WinGet</maml:name>
        <command:parameter required="false" variableLength="true" globbing="false" pipelineInput="False" position="1" aliases="none">
          <maml:name>DownloadPath</maml:name>
          <maml:Description>
            <maml:para>Path of the directory to save the downloaded packages in (optional).</maml:para>
          </maml:Description>
          <command:parameterValue required="true" variableLength="false">String</command:parameterValue>
          <dev:type>
            <maml:name>String</maml:name>
            <maml:uri />
          </dev:type>
          <dev:defaultValue>None</dev:defaultValue>
        </command:parameter>
        <command:parameter required="false" variableLength="true" globbing="false" pipelineInput="False" position="named" aliases="none">
          <maml:name>DownloadOnly</maml:name>
          <maml:Description>
            <maml:para>Download the packages without installing them (optional).</maml:para>
          </maml:Description>
          <dev:type>
            <maml:name>SwitchParameter</maml:name>
            <maml:uri />
          </dev:type>
          <dev:defaultValue>False</dev:defaultValue>
        </command:parameter>
        <command:parameter required="false" variableLength="true" globbing="false" pipelineInput="False" position="named" aliases="none">
          <maml:name>KeepDownload</maml:name>
          <maml:Description>
            <maml:para>Keep the downloaded packages (optional).</maml:para>
          </maml:Description>
          <dev:type>
            <maml:name>SwitchParameter</maml:name>
            <maml:uri />
          </dev:type>
          <dev:defaultValue>False</dev:defaultValue>
        </command:parameter>
      </command:syntaxItem>
    </command:syntax>
    <command:parameters>
      <command:parameter required="false" variableLength="true" globbing="false" pipelineInput="False" position="1" aliases="none">
        <maml:name>DownloadPath</maml:name>
        <maml:Description>
          <maml:para>Path of the directory to save the downloaded packages in (optional).</maml:para>
        </maml:Description>
        <command:parameterValue required="true" variableLength="false">String</command:parameterValue>
        <dev:type>
          <maml:name>String</maml:name>
          <maml:uri />
        </dev:type>
        <dev:defaultValue>None</dev:defaultValue>
      </command:parameter>
      <command:parameter required="false" variableLength="true" globbing="false" pipelineInput="False" position="named" aliases="none">
        <maml:name>DownloadOnly</maml:name>
        <maml:Description>
          <maml:para>Download the packages without installing them (optional).</maml:para>
        </maml:Description>
        <command:parameterValue required="false" variableLength="false">SwitchParameter</command:parameterValue>
        <dev:type>
          <maml:name>SwitchParameter</maml:name>
          <maml:uri />
        </dev:type>
        <dev:defaultValue>False</dev:defaultValue>
      </command:parameter>
      <command:parameter required="false" variableLength="true" globbing="false" pipelineInput="False" position="named" aliases="none">
        <maml:name>KeepDownload</maml:name>
        <maml:Description>
          <maml:para>Keep the downloaded packages (optional).</maml:para>
        </maml:Description>
        <command:parameterValue required="false" variableLength="false">SwitchParameter</command:parameterValue>
        <dev:type>
          <maml:name>SwitchParameter</maml:name>
          <maml:uri />
        </dev:type>
        <dev:defaultValue>False</dev:defaultValue>
      </command:parameter>
    </command:parameters>
    <command:inputTypes />
    <command:returnValues />
    <maml:alertSet>
      <maml:alert>
        <maml:para>To Do: - Check for newer versions of packages on GitHub</maml:para>
        <maml:para>- Error handling</maml:para>
        <maml:para>- Create the target folder if it does not already exist</maml:para>
      </maml:alert>
    </maml:alertSet>
    <command:examples>
      <command:example>
        <maml:title>-------------------------- EXAMPLE 1 --------------------------</maml:title>
        <dev:code>Install-WinGet</dev:code>
        <dev:remarks>
          <maml:para></maml:para>
        </dev:remarks>
      </command:example>
      <command:example>
        <maml:title>-------------------------- EXAMPLE 2 --------------------------</maml:title>
        <dev:code>Install-WinGet -KeepDownload</dev:code>
        <dev:remarks>
          <maml:para>Installs WinGet and keeps the downloaded AppX packages.</maml:para>
        </dev:remarks>
      </command:example>
    </command:examples>
    <command:relatedLinks />
  </command:command>
  <command:command xmlns:maml="http://schemas.microsoft.com/maml/2004/10" xmlns:command="http://schemas.microsoft.com/maml/dev/command/2004/10" xmlns:dev="http://schemas.microsoft.com/maml/dev/2004/10" xmlns:MSHelp="http://msdn.microsoft.com/mshelp">
    <command:details>
      <command:name>New-Credential</command:name>
      <command:verb>New</command:verb>
      <command:noun>Credential</command:noun>
      <maml:description>
        <maml:para>Create a new secure credential.</maml:para>
      </maml:description>
    </command:details>
    <maml:description>
      <maml:para>Create a new secure credential to use in other functions.</maml:para>
    </maml:description>
    <command:syntax>
      <command:syntaxItem>
        <maml:name>New-Credential</maml:name>
      </command:syntaxItem>
    </command:syntax>
    <command:parameters />
    <command:inputTypes />
    <command:returnValues />
    <maml:alertSet>
      <maml:alert>
        <maml:para></maml:para>
      </maml:alert>
    </maml:alertSet>
    <command:examples>
      <command:example>
        <maml:title>-------------------------- EXAMPLE 1 --------------------------</maml:title>
        <dev:code>$Credential = New-Credential</dev:code>
        <dev:remarks>
          <maml:para></maml:para>
        </dev:remarks>
      </command:example>
    </command:examples>
    <command:relatedLinks />
  </command:command>
  <command:command xmlns:maml="http://schemas.microsoft.com/maml/2004/10" xmlns:command="http://schemas.microsoft.com/maml/dev/command/2004/10" xmlns:dev="http://schemas.microsoft.com/maml/dev/2004/10" xmlns:MSHelp="http://msdn.microsoft.com/mshelp">
    <command:details>
      <command:name>New-ScriptFromTemplate</command:name>
      <command:verb>New</command:verb>
      <command:noun>ScriptFromTemplate</command:noun>
      <maml:description>
        <maml:para>Create a new advanced function from a template.</maml:para>
      </maml:description>
    </command:details>
    <maml:description>
      <maml:para>This function creates a new function from a template and saves it to a file with the name of the function. It takes values for the function's synopsis, description, and alias as parameters and populates comment- based help for the new function automatically.</maml:para>
    </maml:description>
    <command:syntax>
      <command:syntaxItem>
        <maml:name>New-ScriptFromTemplate</maml:name>
        <command:parameter required="true" variableLength="true" globbing="false" pipelineInput="False" position="named" aliases="none">
          <maml:name>Name</maml:name>
          <maml:Description>
            <maml:para>The name of the new function to create. It is recommended to use ApprovedVerb-Noun for names.</maml:para>
          </maml:Description>
          <command:parameterValue required="true" variableLength="false">String</command:parameterValue>
          <dev:type>
            <maml:name>String</maml:name>
            <maml:uri />
          </dev:type>
          <dev:defaultValue>None</dev:defaultValue>
        </command:parameter>
        <command:parameter required="false" variableLength="true" globbing="false" pipelineInput="False" position="named" aliases="none">
          <maml:name>SkipValidation</maml:name>
          <maml:Description>
            <maml:para>Optionally skip validation of the script name. This will not check for use of approved verbs or restricted characters.</maml:para>
          </maml:Description>
          <dev:type>
            <maml:name>SwitchParameter</maml:name>
            <maml:uri />
          </dev:type>
          <dev:defaultValue>False</dev:defaultValue>
        </command:parameter>
        <command:parameter required="false" variableLength="true" globbing="false" pipelineInput="False" position="named" aliases="none">
          <maml:name>Synopsis</maml:name>
          <maml:Description>
            <maml:para>A synopsis of the new function.</maml:para>
          </maml:Description>
          <command:parameterValue required="true" variableLength="false">String</command:parameterValue>
          <dev:type>
            <maml:name>String</maml:name>
            <maml:uri />
          </dev:type>
          <dev:defaultValue>None</dev:defaultValue>
        </command:parameter>
        <command:parameter required="false" variableLength="true" globbing="false" pipelineInput="False" position="named" aliases="none">
          <maml:name>Description</maml:name>
          <maml:Description>
            <maml:para>A description of the new function.</maml:para>
          </maml:Description>
          <command:parameterValue required="true" variableLength="false">String</command:parameterValue>
          <dev:type>
            <maml:name>String</maml:name>
            <maml:uri />
          </dev:type>
          <dev:defaultValue>None</dev:defaultValue>
        </command:parameter>
        <command:parameter required="false" variableLength="true" globbing="false" pipelineInput="False" position="named" aliases="none">
          <maml:name>Alias</maml:name>
          <maml:Description>
            <maml:para>Optionally define an alias for the new function.</maml:para>
          </maml:Description>
          <command:parameterValue required="true" variableLength="false">String</command:parameterValue>
          <dev:type>
            <maml:name>String</maml:name>
            <maml:uri />
          </dev:type>
          <dev:defaultValue>None</dev:defaultValue>
        </command:parameter>
        <command:parameter required="false" variableLength="true" globbing="false" pipelineInput="False" position="named" aliases="none">
          <maml:name>Path</maml:name>
          <maml:Description>
            <maml:para>The path of the directory to save the new script in.</maml:para>
          </maml:Description>
          <command:parameterValue required="true" variableLength="false">String</command:parameterValue>
          <dev:type>
            <maml:name>String</maml:name>
            <maml:uri />
          </dev:type>
          <dev:defaultValue>None</dev:defaultValue>
        </command:parameter>
      </command:syntaxItem>
      <command:syntaxItem>
        <maml:name>New-ScriptFromTemplate</maml:name>
        <command:parameter required="true" variableLength="true" globbing="false" pipelineInput="False" position="named" aliases="none">
          <maml:name>Verb</maml:name>
          <maml:Description>
            <maml:para>The verb to use for the function name.</maml:para>
          </maml:Description>
          <command:parameterValue required="true" variableLength="false">String</command:parameterValue>
          <dev:type>
            <maml:name>String</maml:name>
            <maml:uri />
          </dev:type>
          <dev:defaultValue>None</dev:defaultValue>
        </command:parameter>
        <command:parameter required="true" variableLength="true" globbing="false" pipelineInput="False" position="named" aliases="none">
          <maml:name>Noun</maml:name>
          <maml:Description>
            <maml:para>The noun to use for the function name.</maml:para>
          </maml:Description>
          <command:parameterValue required="true" variableLength="false">String</command:parameterValue>
          <dev:type>
            <maml:name>String</maml:name>
            <maml:uri />
          </dev:type>
          <dev:defaultValue>None</dev:defaultValue>
        </command:parameter>
        <command:parameter required="false" variableLength="true" globbing="false" pipelineInput="False" position="named" aliases="none">
          <maml:name>SkipValidation</maml:name>
          <maml:Description>
            <maml:para>Optionally skip validation of the script name. This will not check for use of approved verbs or restricted characters.</maml:para>
          </maml:Description>
          <dev:type>
            <maml:name>SwitchParameter</maml:name>
            <maml:uri />
          </dev:type>
          <dev:defaultValue>False</dev:defaultValue>
        </command:parameter>
        <command:parameter required="false" variableLength="true" globbing="false" pipelineInput="False" position="named" aliases="none">
          <maml:name>Synopsis</maml:name>
          <maml:Description>
            <maml:para>A synopsis of the new function.</maml:para>
          </maml:Description>
          <command:parameterValue required="true" variableLength="false">String</command:parameterValue>
          <dev:type>
            <maml:name>String</maml:name>
            <maml:uri />
          </dev:type>
          <dev:defaultValue>None</dev:defaultValue>
        </command:parameter>
        <command:parameter required="false" variableLength="true" globbing="false" pipelineInput="False" position="named" aliases="none">
          <maml:name>Description</maml:name>
          <maml:Description>
            <maml:para>A description of the new function.</maml:para>
          </maml:Description>
          <command:parameterValue required="true" variableLength="false">String</command:parameterValue>
          <dev:type>
            <maml:name>String</maml:name>
            <maml:uri />
          </dev:type>
          <dev:defaultValue>None</dev:defaultValue>
        </command:parameter>
        <command:parameter required="false" variableLength="true" globbing="false" pipelineInput="False" position="named" aliases="none">
          <maml:name>Alias</maml:name>
          <maml:Description>
            <maml:para>Optionally define an alias for the new function.</maml:para>
          </maml:Description>
          <command:parameterValue required="true" variableLength="false">String</command:parameterValue>
          <dev:type>
            <maml:name>String</maml:name>
            <maml:uri />
          </dev:type>
          <dev:defaultValue>None</dev:defaultValue>
        </command:parameter>
        <command:parameter required="false" variableLength="true" globbing="false" pipelineInput="False" position="named" aliases="none">
          <maml:name>Path</maml:name>
          <maml:Description>
            <maml:para>The path of the directory to save the new script in.</maml:para>
          </maml:Description>
          <command:parameterValue required="true" variableLength="false">String</command:parameterValue>
          <dev:type>
            <maml:name>String</maml:name>
            <maml:uri />
          </dev:type>
          <dev:defaultValue>None</dev:defaultValue>
        </command:parameter>
      </command:syntaxItem>
    </command:syntax>
    <command:parameters>
      <command:parameter required="true" variableLength="true" globbing="false" pipelineInput="False" position="named" aliases="none">
        <maml:name>Name</maml:name>
        <maml:Description>
          <maml:para>The name of the new function to create. It is recommended to use ApprovedVerb-Noun for names.</maml:para>
        </maml:Description>
        <command:parameterValue required="true" variableLength="false">String</command:parameterValue>
        <dev:type>
          <maml:name>String</maml:name>
          <maml:uri />
        </dev:type>
        <dev:defaultValue>None</dev:defaultValue>
      </command:parameter>
      <command:parameter required="true" variableLength="true" globbing="false" pipelineInput="False" position="named" aliases="none">
        <maml:name>Verb</maml:name>
        <maml:Description>
          <maml:para>The verb to use for the function name.</maml:para>
        </maml:Description>
        <command:parameterValue required="true" variableLength="false">String</command:parameterValue>
        <dev:type>
          <maml:name>String</maml:name>
          <maml:uri />
        </dev:type>
        <dev:defaultValue>None</dev:defaultValue>
      </command:parameter>
      <command:parameter required="true" variableLength="true" globbing="false" pipelineInput="False" position="named" aliases="none">
        <maml:name>Noun</maml:name>
        <maml:Description>
          <maml:para>The noun to use for the function name.</maml:para>
        </maml:Description>
        <command:parameterValue required="true" variableLength="false">String</command:parameterValue>
        <dev:type>
          <maml:name>String</maml:name>
          <maml:uri />
        </dev:type>
        <dev:defaultValue>None</dev:defaultValue>
      </command:parameter>
      <command:parameter required="false" variableLength="true" globbing="false" pipelineInput="False" position="named" aliases="none">
        <maml:name>SkipValidation</maml:name>
        <maml:Description>
          <maml:para>Optionally skip validation of the script name. This will not check for use of approved verbs or restricted characters.</maml:para>
        </maml:Description>
        <command:parameterValue required="false" variableLength="false">SwitchParameter</command:parameterValue>
        <dev:type>
          <maml:name>SwitchParameter</maml:name>
          <maml:uri />
        </dev:type>
        <dev:defaultValue>False</dev:defaultValue>
      </command:parameter>
      <command:parameter required="false" variableLength="true" globbing="false" pipelineInput="False" position="named" aliases="none">
        <maml:name>Synopsis</maml:name>
        <maml:Description>
          <maml:para>A synopsis of the new function.</maml:para>
        </maml:Description>
        <command:parameterValue required="true" variableLength="false">String</command:parameterValue>
        <dev:type>
          <maml:name>String</maml:name>
          <maml:uri />
        </dev:type>
        <dev:defaultValue>None</dev:defaultValue>
      </command:parameter>
      <command:parameter required="false" variableLength="true" globbing="false" pipelineInput="False" position="named" aliases="none">
        <maml:name>Description</maml:name>
        <maml:Description>
          <maml:para>A description of the new function.</maml:para>
        </maml:Description>
        <command:parameterValue required="true" variableLength="false">String</command:parameterValue>
        <dev:type>
          <maml:name>String</maml:name>
          <maml:uri />
        </dev:type>
        <dev:defaultValue>None</dev:defaultValue>
      </command:parameter>
      <command:parameter required="false" variableLength="true" globbing="false" pipelineInput="False" position="named" aliases="none">
        <maml:name>Alias</maml:name>
        <maml:Description>
          <maml:para>Optionally define an alias for the new function.</maml:para>
        </maml:Description>
        <command:parameterValue required="true" variableLength="false">String</command:parameterValue>
        <dev:type>
          <maml:name>String</maml:name>
          <maml:uri />
        </dev:type>
        <dev:defaultValue>None</dev:defaultValue>
      </command:parameter>
      <command:parameter required="false" variableLength="true" globbing="false" pipelineInput="False" position="named" aliases="none">
        <maml:name>Path</maml:name>
        <maml:Description>
          <maml:para>The path of the directory to save the new script in.</maml:para>
        </maml:Description>
        <command:parameterValue required="true" variableLength="false">String</command:parameterValue>
        <dev:type>
          <maml:name>String</maml:name>
          <maml:uri />
        </dev:type>
        <dev:defaultValue>None</dev:defaultValue>
      </command:parameter>
    </command:parameters>
    <command:inputTypes />
    <command:returnValues />
    <maml:alertSet>
      <maml:alert>
        <maml:para></maml:para>
      </maml:alert>
    </maml:alertSet>
    <command:examples>
      <command:example>
        <maml:title>-------------------------- EXAMPLE 1 --------------------------</maml:title>
        <dev:code>New-Function -Name "Get-Demo" -Synopsis "Get a demo." -Description "This function gets a demo." -Alias "Get-Sample"</dev:code>
        <dev:remarks>
          <maml:para></maml:para>
        </dev:remarks>
      </command:example>
    </command:examples>
    <command:relatedLinks />
  </command:command>
  <command:command xmlns:maml="http://schemas.microsoft.com/maml/2004/10" xmlns:command="http://schemas.microsoft.com/maml/dev/command/2004/10" xmlns:dev="http://schemas.microsoft.com/maml/dev/2004/10" xmlns:MSHelp="http://msdn.microsoft.com/mshelp">
    <command:details>
      <command:name>Set-EnvironmentVariable</command:name>
      <command:verb>Set</command:verb>
      <command:noun>EnvironmentVariable</command:noun>
      <maml:description>
        <maml:para>Set environment variables.</maml:para>
      </maml:description>
    </command:details>
    <maml:description>
      <maml:para>Set environment variables in any OS using .NET types.</maml:para>
    </maml:description>
    <command:syntax>
      <command:syntaxItem>
        <maml:name>Set-EnvironmentVariable</maml:name>
        <command:parameter required="true" variableLength="true" globbing="false" pipelineInput="False" position="1" aliases="none">
          <maml:name>Name</maml:name>
          <maml:Description>
            <maml:para>Parameter description</maml:para>
          </maml:Description>
          <command:parameterValue required="true" variableLength="false">String</command:parameterValue>
          <dev:type>
            <maml:name>String</maml:name>
            <maml:uri />
          </dev:type>
          <dev:defaultValue>None</dev:defaultValue>
        </command:parameter>
        <command:parameter required="true" variableLength="true" globbing="false" pipelineInput="False" position="2" aliases="none">
          <maml:name>Value</maml:name>
          <maml:Description>
            <maml:para>Parameter description</maml:para>
          </maml:Description>
          <command:parameterValue required="true" variableLength="false">String</command:parameterValue>
          <dev:type>
            <maml:name>String</maml:name>
            <maml:uri />
          </dev:type>
          <dev:defaultValue>None</dev:defaultValue>
        </command:parameter>
        <command:parameter required="true" variableLength="true" globbing="false" pipelineInput="False" position="3" aliases="none">
          <maml:name>Target</maml:name>
          <maml:Description>
            <maml:para>Parameter description</maml:para>
          </maml:Description>
          <command:parameterValueGroup>
            <command:parameterValue required="false" command:variableLength="false">Process</command:parameterValue>
            <command:parameterValue required="false" command:variableLength="false">User</command:parameterValue>
            <command:parameterValue required="false" command:variableLength="false">Machine</command:parameterValue>
          </command:parameterValueGroup>
          <command:parameterValue required="true" variableLength="false">EnvironmentVariableTarget</command:parameterValue>
          <dev:type>
            <maml:name>EnvironmentVariableTarget</maml:name>
            <maml:uri />
          </dev:type>
          <dev:defaultValue>None</dev:defaultValue>
        </command:parameter>
      </command:syntaxItem>
    </command:syntax>
    <command:parameters>
      <command:parameter required="true" variableLength="true" globbing="false" pipelineInput="False" position="1" aliases="none">
        <maml:name>Name</maml:name>
        <maml:Description>
          <maml:para>Parameter description</maml:para>
        </maml:Description>
        <command:parameterValue required="true" variableLength="false">String</command:parameterValue>
        <dev:type>
          <maml:name>String</maml:name>
          <maml:uri />
        </dev:type>
        <dev:defaultValue>None</dev:defaultValue>
      </command:parameter>
      <command:parameter required="true" variableLength="true" globbing="false" pipelineInput="False" position="2" aliases="none">
        <maml:name>Value</maml:name>
        <maml:Description>
          <maml:para>Parameter description</maml:para>
        </maml:Description>
        <command:parameterValue required="true" variableLength="false">String</command:parameterValue>
        <dev:type>
          <maml:name>String</maml:name>
          <maml:uri />
        </dev:type>
        <dev:defaultValue>None</dev:defaultValue>
      </command:parameter>
      <command:parameter required="true" variableLength="true" globbing="false" pipelineInput="False" position="3" aliases="none">
        <maml:name>Target</maml:name>
        <maml:Description>
          <maml:para>Parameter description</maml:para>
        </maml:Description>
        <command:parameterValue required="true" variableLength="false">EnvironmentVariableTarget</command:parameterValue>
        <dev:type>
          <maml:name>EnvironmentVariableTarget</maml:name>
          <maml:uri />
        </dev:type>
        <dev:defaultValue>None</dev:defaultValue>
      </command:parameter>
    </command:parameters>
    <command:inputTypes />
    <command:returnValues />
    <maml:alertSet>
      <maml:alert>
        <maml:para></maml:para>
      </maml:alert>
    </maml:alertSet>
    <command:examples>
      <command:example>
        <maml:title>-------------------------- EXAMPLE 1 --------------------------</maml:title>
        <dev:code>Set-EnvironmentVariable -Name 'FavoriteDrink' -Value 'Coffee' -Target 'User'</dev:code>
        <dev:remarks>
          <maml:para></maml:para>
        </dev:remarks>
      </command:example>
    </command:examples>
    <command:relatedLinks />
  </command:command>
  <command:command xmlns:maml="http://schemas.microsoft.com/maml/2004/10" xmlns:command="http://schemas.microsoft.com/maml/dev/command/2004/10" xmlns:dev="http://schemas.microsoft.com/maml/dev/2004/10" xmlns:MSHelp="http://msdn.microsoft.com/mshelp">
    <command:details>
      <command:name>Test-IsElevated</command:name>
      <command:verb>Test</command:verb>
      <command:noun>IsElevated</command:noun>
      <maml:description>
        <maml:para>Check if you are running an elevated shell with administrator or root privileges.</maml:para>
      </maml:description>
    </command:details>
    <maml:description>
      <maml:para>Check if you are running an elevated shell with administrator or root privileges.</maml:para>
    </maml:description>
    <command:syntax>
      <command:syntaxItem>
        <maml:name>Test-IsElevated</maml:name>
      </command:syntaxItem>
    </command:syntax>
    <command:parameters />
    <command:inputTypes />
    <command:returnValues>
      <command:returnValue>
        <dev:type>
          <maml:name>Boolean</maml:name>
        </dev:type>
        <maml:description>
          <maml:para></maml:para>
        </maml:description>
      </command:returnValue>
    </command:returnValues>
    <maml:alertSet>
      <maml:alert>
        <maml:para></maml:para>
      </maml:alert>
    </maml:alertSet>
    <command:examples>
      <command:example>
        <maml:title>-------------------------- EXAMPLE 1 --------------------------</maml:title>
        <dev:code>Test-IsElevated</dev:code>
        <dev:remarks>
          <maml:para></maml:para>
        </dev:remarks>
      </command:example>
    </command:examples>
    <command:relatedLinks />
  </command:command>
  <command:command xmlns:maml="http://schemas.microsoft.com/maml/2004/10" xmlns:command="http://schemas.microsoft.com/maml/dev/command/2004/10" xmlns:dev="http://schemas.microsoft.com/maml/dev/2004/10" xmlns:MSHelp="http://msdn.microsoft.com/mshelp">
    <command:details>
      <command:name>Update-AllTheThings</command:name>
      <command:verb>Update</command:verb>
      <command:noun>AllTheThings</command:noun>
      <maml:description>
        <maml:para>Update all the things!</maml:para>
      </maml:description>
    </command:details>
    <maml:description>
      <maml:para>A script to automatically update all PowerShell modules, PowerShell Help, and packages (apt, brew, chocolately, winget).</maml:para>
    </maml:description>
    <command:syntax>
      <command:syntaxItem>
        <maml:name>Update-AllTheThings</maml:name>
        <command:parameter required="false" variableLength="true" globbing="false" pipelineInput="False" position="named" aliases="none">
          <maml:name>SkipModules</maml:name>
          <maml:Description>
            <maml:para>Skip the step that updates PowerShell modules.</maml:para>
          </maml:Description>
          <dev:type>
            <maml:name>SwitchParameter</maml:name>
            <maml:uri />
          </dev:type>
          <dev:defaultValue>False</dev:defaultValue>
        </command:parameter>
        <command:parameter required="false" variableLength="true" globbing="false" pipelineInput="False" position="named" aliases="none">
          <maml:name>SkipScripts</maml:name>
          <maml:Description>
            <maml:para>Skip the step that updates PowerShell scripts.</maml:para>
          </maml:Description>
          <dev:type>
            <maml:name>SwitchParameter</maml:name>
            <maml:uri />
          </dev:type>
          <dev:defaultValue>False</dev:defaultValue>
        </command:parameter>
        <command:parameter required="false" variableLength="true" globbing="false" pipelineInput="False" position="named" aliases="none">
          <maml:name>SkipHelp</maml:name>
          <maml:Description>
            <maml:para>Skip the step that updates PowerShell help.</maml:para>
          </maml:Description>
          <dev:type>
            <maml:name>SwitchParameter</maml:name>
            <maml:uri />
          </dev:type>
          <dev:defaultValue>False</dev:defaultValue>
        </command:parameter>
        <command:parameter required="false" variableLength="true" globbing="false" pipelineInput="False" position="named" aliases="none">
          <maml:name>SkipWinGet</maml:name>
          <maml:Description>
            <maml:para>Skip the step the updates WinGet packages.</maml:para>
          </maml:Description>
          <dev:type>
            <maml:name>SwitchParameter</maml:name>
            <maml:uri />
          </dev:type>
          <dev:defaultValue>False</dev:defaultValue>
        </command:parameter>
        <command:parameter required="false" variableLength="true" globbing="false" pipelineInput="False" position="named" aliases="Skip-Choco">
          <maml:name>IncludeChocolatey</maml:name>
          <maml:Description>
            <maml:para>Include Chocolatey package updates.</maml:para>
          </maml:Description>
          <dev:type>
            <maml:name>SwitchParameter</maml:name>
            <maml:uri />
          </dev:type>
          <dev:defaultValue>False</dev:defaultValue>
        </command:parameter>
        <command:parameter required="false" variableLength="true" globbing="false" pipelineInput="False" position="named" aliases="wi">
          <maml:name>WhatIf</maml:name>
          <maml:Description>
            <maml:para>Shows what would happen if the cmdlet runs. The cmdlet is not run.</maml:para>
          </maml:Description>
          <dev:type>
            <maml:name>SwitchParameter</maml:name>
            <maml:uri />
          </dev:type>
          <dev:defaultValue>False</dev:defaultValue>
        </command:parameter>
        <command:parameter required="false" variableLength="true" globbing="false" pipelineInput="False" position="named" aliases="cf">
          <maml:name>Confirm</maml:name>
          <maml:Description>
            <maml:para>Prompts you for confirmation before running the cmdlet.</maml:para>
          </maml:Description>
          <dev:type>
            <maml:name>SwitchParameter</maml:name>
            <maml:uri />
          </dev:type>
          <dev:defaultValue>False</dev:defaultValue>
        </command:parameter>
      </command:syntaxItem>
    </command:syntax>
    <command:parameters>
      <command:parameter required="false" variableLength="true" globbing="false" pipelineInput="False" position="named" aliases="none">
        <maml:name>SkipModules</maml:name>
        <maml:Description>
          <maml:para>Skip the step that updates PowerShell modules.</maml:para>
        </maml:Description>
        <command:parameterValue required="false" variableLength="false">SwitchParameter</command:parameterValue>
        <dev:type>
          <maml:name>SwitchParameter</maml:name>
          <maml:uri />
        </dev:type>
        <dev:defaultValue>False</dev:defaultValue>
      </command:parameter>
      <command:parameter required="false" variableLength="true" globbing="false" pipelineInput="False" position="named" aliases="none">
        <maml:name>SkipScripts</maml:name>
        <maml:Description>
          <maml:para>Skip the step that updates PowerShell scripts.</maml:para>
        </maml:Description>
        <command:parameterValue required="false" variableLength="false">SwitchParameter</command:parameterValue>
        <dev:type>
          <maml:name>SwitchParameter</maml:name>
          <maml:uri />
        </dev:type>
        <dev:defaultValue>False</dev:defaultValue>
      </command:parameter>
      <command:parameter required="false" variableLength="true" globbing="false" pipelineInput="False" position="named" aliases="none">
        <maml:name>SkipHelp</maml:name>
        <maml:Description>
          <maml:para>Skip the step that updates PowerShell help.</maml:para>
        </maml:Description>
        <command:parameterValue required="false" variableLength="false">SwitchParameter</command:parameterValue>
        <dev:type>
          <maml:name>SwitchParameter</maml:name>
          <maml:uri />
        </dev:type>
        <dev:defaultValue>False</dev:defaultValue>
      </command:parameter>
      <command:parameter required="false" variableLength="true" globbing="false" pipelineInput="False" position="named" aliases="none">
        <maml:name>SkipWinGet</maml:name>
        <maml:Description>
          <maml:para>Skip the step the updates WinGet packages.</maml:para>
        </maml:Description>
        <command:parameterValue required="false" variableLength="false">SwitchParameter</command:parameterValue>
        <dev:type>
          <maml:name>SwitchParameter</maml:name>
          <maml:uri />
        </dev:type>
        <dev:defaultValue>False</dev:defaultValue>
      </command:parameter>
      <command:parameter required="false" variableLength="true" globbing="false" pipelineInput="False" position="named" aliases="Skip-Choco">
        <maml:name>IncludeChocolatey</maml:name>
        <maml:Description>
          <maml:para>Include Chocolatey package updates.</maml:para>
        </maml:Description>
        <command:parameterValue required="false" variableLength="false">SwitchParameter</command:parameterValue>
        <dev:type>
          <maml:name>SwitchParameter</maml:name>
          <maml:uri />
        </dev:type>
        <dev:defaultValue>False</dev:defaultValue>
      </command:parameter>
      <command:parameter required="false" variableLength="true" globbing="false" pipelineInput="False" position="named" aliases="wi">
        <maml:name>WhatIf</maml:name>
        <maml:Description>
          <maml:para>Shows what would happen if the cmdlet runs. The cmdlet is not run.</maml:para>
        </maml:Description>
        <command:parameterValue required="false" variableLength="false">SwitchParameter</command:parameterValue>
        <dev:type>
          <maml:name>SwitchParameter</maml:name>
          <maml:uri />
        </dev:type>
        <dev:defaultValue>False</dev:defaultValue>
      </command:parameter>
      <command:parameter required="false" variableLength="true" globbing="false" pipelineInput="False" position="named" aliases="cf">
        <maml:name>Confirm</maml:name>
        <maml:Description>
          <maml:para>Prompts you for confirmation before running the cmdlet.</maml:para>
        </maml:Description>
        <command:parameterValue required="false" variableLength="false">SwitchParameter</command:parameterValue>
        <dev:type>
          <maml:name>SwitchParameter</maml:name>
          <maml:uri />
        </dev:type>
        <dev:defaultValue>False</dev:defaultValue>
      </command:parameter>
    </command:parameters>
    <command:inputTypes />
    <command:returnValues />
    <maml:alertSet>
      <maml:alert>
        <maml:para></maml:para>
      </maml:alert>
    </maml:alertSet>
    <command:examples>
      <command:example>
        <maml:title>-------------------------- EXAMPLE 1 --------------------------</maml:title>
        <dev:code>Update-AllTheThings</dev:code>
        <dev:remarks>
          <maml:para>Updates all of the things it can!</maml:para>
        </dev:remarks>
      </command:example>
    </command:examples>
    <command:relatedLinks />
  </command:command>
</helpItems>